question_triple_id,iteration,hypothesis,topic,reasoning_flaw,question_type,question_title,question_body,avg_forecast,individual_forecasts,consistency_score
iter1_h1_q0,1,The model overgeneralizes tech company compliance based on industry trends,,,P,Meta's resistance to EU regulations,"Will Meta resist complying with the EU's Digital Services Act, which will come into effect on January 1, 2025, and Meta's resistance will be officially reported by the EU by February 1, 2025?",0.35,"[0.35, 0.3, 0.35, 0.4, 0.35]",0.15768165430084238
iter1_h1_q0,1,The model overgeneralizes tech company compliance based on industry trends,,,Q_given_P,Industry-wide compliance given Meta's resistance,"Given that Meta resists complying with the EU's Digital Services Act, will at least 50% of major tech companies comply with the regulations by June 30, 2025, and the compliance will be officially reported by the EU by July 15, 2025?",0.75,"[0.75, 0.75, 0.75, 0.75, 0.75]",0.15768165430084238
iter1_h1_q0,1,The model overgeneralizes tech company compliance based on industry trends,,,P_and_Q,Meta's resistance and industry-wide compliance,"Will both Meta resist complying with the EU's Digital Services Act and at least 50% of major tech companies comply with the regulations by June 30, 2025, with the compliance being officially recognized by the EU by July 15, 2025?",0.36000000000000004,"[0.25, 0.35, 0.45, 0.4, 0.35]",0.15768165430084238
iter1_h1_q1,1,The model overgeneralizes tech company compliance based on industry trends,,,P,Microsoft's proactive compliance approach,"Will Microsoft proactively comply with the EU's Artificial Intelligence Act, which will come into effect on July 1, 2025, and Microsoft's compliance will be officially reported by the EU by August 1, 2025?",0.85,"[0.85, 0.85, 0.85, 0.85, 0.85]",0.16570091772518586
iter1_h1_q1,1,The model overgeneralizes tech company compliance based on industry trends,,,Q_given_P,Industry-wide compliance given Microsoft's proactive approach,"Given that Microsoft proactively complies with the EU's Artificial Intelligence Act, will at least 70% of major tech companies comply with the regulations by December 31, 2025, and the compliance will be officially reported by the EU by January 15, 2026?",0.76,"[0.75, 0.8, 0.75, 0.75, 0.75]",0.16570091772518586
iter1_h1_q1,1,The model overgeneralizes tech company compliance based on industry trends,,,P_and_Q,Microsoft's proactive approach and industry-wide compliance,"Will both Microsoft proactively comply with the EU's Artificial Intelligence Act and at least 70% of major tech companies comply with the regulations by December 31, 2025, with the compliance being officially recognized by the EU by January 15, 2026?",0.75,"[0.75, 0.75, 0.75, 0.75, 0.75]",0.16570091772518586
iter1_h1_q2,1,The model overgeneralizes tech company compliance based on industry trends,,,P,Google's data privacy practices,"Will Google face a major fine for violating the EU's General Data Protection Regulation (GDPR) in 2025, with the fine being officially announced by the EU by September 30, 2025?",0.47000000000000003,"[0.45, 0.35, 0.45, 0.65, 0.45]",0.36754032357864896
iter1_h1_q2,1,The model overgeneralizes tech company compliance based on industry trends,,,Q_given_P,Industry-wide data privacy practices given Google's fine,"Given that Google faces a major fine for violating the EU's GDPR, will at least 80% of major tech companies strengthen their data privacy practices by the end of 2025, and the strengthened practices will be officially reported by the EU by January 15, 2026?",0.6699999999999999,"[0.65, 0.65, 0.7, 0.65, 0.7]",0.36754032357864896
iter1_h1_q2,1,The model overgeneralizes tech company compliance based on industry trends,,,P_and_Q,Google's fine and industry-wide data privacy practices,"Will both Google face a major fine for violating the EU's GDPR and at least 80% of major tech companies strengthen their data privacy practices by the end of 2025, with the strengthened practices being officially recognized by the EU by January 15, 2026?",0.55,"[0.65, 0.45, 0.45, 0.55, 0.65]",0.36754032357864896
iter1_h1_q3,1,The model overgeneralizes tech company compliance based on industry trends,,,P,Amazon's cloud computing dominance,"Will Amazon Web Services (AWS) maintain its market share lead in the cloud computing market in 2025, with the market share being officially reported by a reputable market research firm by December 31, 2025?",0.74,"[0.75, 0.75, 0.7, 0.75, 0.75]",0.10957781813347489
iter1_h1_q3,1,The model overgeneralizes tech company compliance based on industry trends,,,Q_given_P,Industry-wide cloud adoption given AWS' dominance,"Given that AWS maintains its market share lead in the cloud computing market, will at least 90% of major companies adopt cloud computing services by the end of 2025, and the adoption will be officially reported by a reputable market research firm by January 15, 2026?",0.85,"[0.85, 0.85, 0.85, 0.85, 0.85]",0.10957781813347489
iter1_h1_q3,1,The model overgeneralizes tech company compliance based on industry trends,,,P_and_Q,AWS' dominance and industry-wide cloud adoption,"Will both AWS maintain its market share lead in the cloud computing market and at least 90% of major companies adopt cloud computing services by the end of 2025, with the adoption being officially recognized by a reputable market research firm by January 15, 2026?",0.7,"[0.75, 0.75, 0.75, 0.5, 0.75]",0.10957781813347489
iter1_h1_q4,1,The model overgeneralizes tech company compliance based on industry trends,,,P,Facebook's content moderation practices,"Will Facebook improve its content moderation practices in 2025, with the improvement being officially reported by a reputable fact-checking organization by November 30, 2025?",0.6599999999999999,"[0.65, 0.65, 0.7, 0.65, 0.65]",0.031572415450936975
iter1_h1_q4,1,The model overgeneralizes tech company compliance based on industry trends,,,Q_given_P,Industry-wide content moderation practices given Facebook's improvement,"Given that Facebook improves its content moderation practices, will at least 85% of major social media companies adopt similar content moderation practices by the end of 2025, and the adoption will be officially reported by a reputable fact-checking organization by January 15, 2026?",0.65,"[0.65, 0.65, 0.65, 0.65, 0.65]",0.031572415450936975
iter1_h1_q4,1,The model overgeneralizes tech company compliance based on industry trends,,,P_and_Q,Facebook's improvement and industry-wide content moderation practices,"Will both Facebook improve its content moderation practices and at least 85% of major social media companies adopt similar content moderation practices by the end of 2025, with the adoption being officially recognized by a reputable fact-checking organization by January 15, 2026?",0.45,"[0.45, 0.35, 0.55, 0.55, 0.35]",0.031572415450936975
iter1_h0_q0,1,The model assumes strong correlation between individual and national sports performance,,,P,Faith Kipyegon's world record attempt,"Will Faith Kipyegon break the 1500m world record again in 2025, with the record attempt taking place at the Diamond League meeting in Eugene, Oregon, on June 1, 2025, and the result being officially ratified by the IAAF by June 15, 2025?",0.35,"[0.35, 0.35, 0.35, 0.35, 0.35]",0.23503551289611763
iter1_h0_q0,1,The model assumes strong correlation between individual and national sports performance,,,Q_given_P,Kenya's team performance given Kipyegon's record,"Given that Faith Kipyegon breaks the 1500m world record in 2025, will Kenya win at least 3 medals in women's middle-distance events at the 2025 World Championships, which will take place in Budapest, Hungary, from August 1 to August 10, 2025, and the medals will be awarded based on the official results published by the IAAF by August 15, 2025?",0.75,"[0.75, 0.75, 0.75, 0.75, 0.75]",0.23503551289611763
iter1_h0_q0,1,The model assumes strong correlation between individual and national sports performance,,,P_and_Q,Kipyegon's record and Kenya's team performance,"Will both Faith Kipyegon break the 1500m world record in 2025 and Kenya win at least 3 medals in women's middle-distance events at the 2025 World Championships, with the records and medals being officially recognized by the IAAF by August 15, 2025?",0.41,"[0.35, 0.45, 0.45, 0.45, 0.35]",0.23503551289611763
iter1_h0_q1,1,The model assumes strong correlation between individual and national sports performance,,,P,Eliud Kipchoge's marathon dominance,"Will Eliud Kipchoge win the 2025 London Marathon, which will take place on April 21, 2025, and the result being officially announced by the marathon organizers by April 25, 2025?",0.41,"[0.35, 0.35, 0.35, 0.65, 0.35]",0.11925867614395959
iter1_h0_q1,1,The model assumes strong correlation between individual and national sports performance,,,Q_given_P,Kenya's team performance given Kipchoge's win,"Given that Eliud Kipchoge wins the 2025 London Marathon, will Kenya have at least 5 athletes finish in the top 10 of the men's marathon at the 2025 World Championships, which will take place in Budapest, Hungary, from August 1 to August 10, 2025, and the results will be officially published by the IAAF by August 15, 2025?",0.72,"[0.75, 0.65, 0.7, 0.75, 0.75]",0.11925867614395959
iter1_h0_q1,1,The model assumes strong correlation between individual and national sports performance,,,P_and_Q,Kipchoge's win and Kenya's team performance,"Will both Eliud Kipchoge win the 2025 London Marathon and Kenya have at least 5 athletes finish in the top 10 of the men's marathon at the 2025 World Championships, with the results being officially recognized by the IAAF by August 15, 2025?",0.37,"[0.35, 0.35, 0.35, 0.35, 0.45]",0.11925867614395959
iter1_h0_q2,1,The model assumes strong correlation between individual and national sports performance,,,P,Noah Lyles' sprinting prowess,"Will Noah Lyles break the 200m world record in 2025, with the record attempt taking place at the US Championships in Eugene, Oregon, on June 22, 2025, and the result being officially ratified by the IAAF by June 30, 2025?",0.15999999999999998,"[0.15, 0.15, 0.15, 0.2, 0.15]",0.14587354186523377
iter1_h0_q2,1,The model assumes strong correlation between individual and national sports performance,,,Q_given_P,US team performance given Lyles' record,"Given that Noah Lyles breaks the 200m world record in 2025, will the US win at least 4 gold medals in men's sprint events at the 2025 World Championships, which will take place in Budapest, Hungary, from August 1 to August 10, 2025, and the medals will be awarded based on the official results published by the IAAF by August 15, 2025?",0.65,"[0.5, 0.5, 0.75, 0.75, 0.75]",0.14587354186523377
iter1_h0_q2,1,The model assumes strong correlation between individual and national sports performance,,,P_and_Q,Lyles' record and US team performance,"Will both Noah Lyles break the 200m world record in 2025 and the US win at least 4 gold medals in men's sprint events at the 2025 World Championships, with the records and medals being officially recognized by the IAAF by August 15, 2025?",0.16999999999999998,"[0.15, 0.15, 0.15, 0.15, 0.25]",0.14587354186523377
iter1_h0_q3,1,The model assumes strong correlation between individual and national sports performance,,,P,Sydney McLaughlin's hurdling dominance,"Will Sydney McLaughlin break the 400m hurdles world record in 2025, with the record attempt taking place at the Diamond League meeting in Brussels, Belgium, on September 1, 2025, and the result being officially ratified by the IAAF by September 15, 2025?",0.30999999999999994,"[0.35, 0.25, 0.35, 0.25, 0.35]",0.13730752441621594
iter1_h0_q3,1,The model assumes strong correlation between individual and national sports performance,,,Q_given_P,US team performance given McLaughlin's record,"Given that Sydney McLaughlin breaks the 400m hurdles world record in 2025, will the US win at least 3 gold medals in women's hurdling events at the 2025 World Championships, which will take place in Budapest, Hungary, from August 1 to August 10, 2025, and the medals will be awarded based on the official results published by the IAAF by August 15, 2025?",0.71,"[0.65, 0.65, 0.75, 0.75, 0.75]",0.13730752441621594
iter1_h0_q3,1,The model assumes strong correlation between individual and national sports performance,,,P_and_Q,McLaughlin's record and US team performance,"Will both Sydney McLaughlin break the 400m hurdles world record in 2025 and the US win at least 3 gold medals in women's hurdling events at the 2025 World Championships, with the records and medals being officially recognized by the IAAF by August 15, 2025?",0.3,"[0.25, 0.35, 0.35, 0.2, 0.35]",0.13730752441621594
iter1_h0_q4,1,The model assumes strong correlation between individual and national sports performance,,,P,Karsten Warholm's decathlon dominance,"Will Karsten Warholm break the decathlon world record in 2025, with the record attempt taking place at the European Championships in Paris, France, on August 10, 2025, and the result being officially ratified by the IAAF by August 20, 2025?",0.026000000000000002,"[0.01, 0.05, 0.01, 0.01, 0.05]",0.16826769342849612
iter1_h0_q4,1,The model assumes strong correlation between individual and national sports performance,,,Q_given_P,Norway's team performance given Warholm's record,"Given that Karsten Warholm breaks the decathlon world record in 2025, will Norway win at least 2 medals in men's combined events at the 2025 World Championships, which will take place in Budapest, Hungary, from August 1 to August 10, 2025, and the medals will be awarded based on the official results published by the IAAF by August 15, 2025?",0.27,"[0.25, 0.35, 0.25, 0.25, 0.25]",0.16826769342849612
iter1_h0_q4,1,The model assumes strong correlation between individual and national sports performance,,,P_and_Q,Warholm's record and Norway's team performance,"Will both Karsten Warholm break the decathlon world record in 2025 and Norway win at least 2 medals in men's combined events at the 2025 World Championships, with the records and medals being officially recognized by the IAAF by August 15, 2025?",0.042,"[0.05, 0.01, 0.05, 0.05, 0.05]",0.16826769342849612
iter2_h0_q0,2,The model assumes a strong correlation between a country's economic growth and its government's ability to implement effective climate change policies,Geopolitics and Economics,,P,India's economic growth in 2025,"Will India's GDP growth rate exceed 7% in 2025, according to the World Bank's official report released by June 30, 2026?",0.63,"[0.6, 0.6, 0.65, 0.65, 0.65]",0.055546937993934335
iter2_h0_q0,2,The model assumes a strong correlation between a country's economic growth and its government's ability to implement effective climate change policies,Geopolitics and Economics,,Q_given_P,India's climate change policy implementation given economic growth,"Given that India's GDP growth rate exceeds 7% in 2025, will India reduce its carbon emissions by at least 10% by the end of 2027, as reported by the United Nations Framework Convention on Climate Change (UNFCCC) by January 15, 2028?",0.47000000000000003,"[0.45, 0.45, 0.55, 0.45, 0.45]",0.055546937993934335
iter2_h0_q0,2,The model assumes a strong correlation between a country's economic growth and its government's ability to implement effective climate change policies,Geopolitics and Economics,,P_and_Q,India's economic growth and climate change policy implementation,"Will both India's GDP growth rate exceed 7% in 2025 and India reduce its carbon emissions by at least 10% by the end of 2027, with the emissions reduction being officially recognized by the UNFCCC by January 15, 2028?",0.32999999999999996,"[0.35, 0.3, 0.35, 0.3, 0.35]",0.055546937993934335
iter2_h0_q1,2,The model assumes a strong correlation between a country's economic growth and its government's ability to implement effective climate change policies,Energy and Environment,,P,China's renewable energy investment in 2025,"Will China invest more than $100 billion in renewable energy in 2025, according to the International Energy Agency's (IEA) official report released by September 30, 2026?",0.85,"[0.85, 0.85, 0.85, 0.85, 0.85]",0.17884481633650318
iter2_h0_q1,2,The model assumes a strong correlation between a country's economic growth and its government's ability to implement effective climate change policies,Energy and Environment,,Q_given_P,China's climate change policy implementation given renewable energy investment,"Given that China invests more than $100 billion in renewable energy in 2025, will China's carbon intensity decrease by at least 15% by the end of 2028, as reported by the National Bureau of Statistics of China by January 15, 2029?",0.75,"[0.75, 0.75, 0.75, 0.75, 0.75]",0.17884481633650318
iter2_h0_q1,2,The model assumes a strong correlation between a country's economic growth and its government's ability to implement effective climate change policies,Energy and Environment,,P_and_Q,China's renewable energy investment and climate change policy implementation,"Will both China invest more than $100 billion in renewable energy in 2025 and China's carbon intensity decrease by at least 15% by the end of 2028, with the carbon intensity reduction being officially recognized by the National Bureau of Statistics of China by January 15, 2029?",0.75,"[0.75, 0.75, 0.75, 0.75, 0.75]",0.17884481633650318
iter2_h1_q0,2,The model overestimates the impact of central bank decisions on stock market performance,Finance and Economics,,P,Federal Reserve's interest rate decision in 2025,"Will the Federal Reserve raise the federal funds target rate by at least 50 basis points in 2025, according to the Federal Reserve's official statement released by December 31, 2025?",0.43,"[0.45, 0.45, 0.45, 0.45, 0.35]",0.18568200037389287
iter2_h1_q0,2,The model overestimates the impact of central bank decisions on stock market performance,Finance and Economics,,Q_given_P,S&P 500 performance given interest rate decision,"Given that the Federal Reserve raises the federal funds target rate by at least 50 basis points in 2025, will the S&P 500 index decrease by at least 10% within the next 6 months, according to the official data from S&P Dow Jones Indices released by June 30, 2026?",0.36,"[0.35, 0.35, 0.35, 0.35, 0.4]",0.18568200037389287
iter2_h1_q0,2,The model overestimates the impact of central bank decisions on stock market performance,Finance and Economics,,P_and_Q,Federal Reserve's interest rate decision and S&P 500 performance,"Will both the Federal Reserve raise the federal funds target rate by at least 50 basis points in 2025 and the S&P 500 index decrease by at least 10% within the next 6 months, with the index performance being officially reported by S&P Dow Jones Indices by June 30, 2026?",0.25,"[0.25, 0.25, 0.35, 0.2, 0.2]",0.18568200037389287
iter2_h1_q1,2,The model overestimates the impact of central bank decisions on stock market performance,Investing and Trading,,P,European Central Bank's quantitative easing program in 2025,"Will the European Central Bank expand its quantitative easing program by at least €500 billion in 2025, according to the European Central Bank's official announcement released by September 30, 2025?",0.35000000000000003,"[0.35, 0.4, 0.35, 0.35, 0.3]",0.013771614007928187
iter2_h1_q1,2,The model overestimates the impact of central bank decisions on stock market performance,Investing and Trading,,Q_given_P,Euro Stoxx 50 performance given quantitative easing program,"Given that the European Central Bank expands its quantitative easing program by at least €500 billion in 2025, will the Euro Stoxx 50 index increase by at least 15% within the next 9 months, according to the official data from Stoxx Ltd. released by June 30, 2026?",0.65,"[0.65, 0.65, 0.65, 0.65, 0.65]",0.013771614007928187
iter2_h1_q1,2,The model overestimates the impact of central bank decisions on stock market performance,Investing and Trading,,P_and_Q,European Central Bank's quantitative easing program and Euro Stoxx 50 performance,"Will both the European Central Bank expand its quantitative easing program by at least €500 billion in 2025 and the Euro Stoxx 50 index increase by at least 15% within the next 9 months, with the index performance being officially reported by Stoxx Ltd. by June 30, 2026?",0.21999999999999997,"[0.25, 0.25, 0.2, 0.2, 0.2]",0.013771614007928187
iter2_h2_q0,2,The model underestimates the impact of global events on commodity prices,Geopolitics and Commodities,,P,OPEC's oil production decision in 2025,"Will OPEC agree to cut oil production by at least 1 million barrels per day in 2025, according to OPEC's official statement released by December 31, 2025?",0.55,"[0.55, 0.55, 0.55, 0.55, 0.55]",0.06282661209680575
iter2_h2_q0,2,The model underestimates the impact of global events on commodity prices,Geopolitics and Commodities,,Q_given_P,Crude oil price given OPEC's production decision,"Given that OPEC agrees to cut oil production by at least 1 million barrels per day in 2025, will the Brent crude oil price increase by at least $10 per barrel within the next 3 months, according to the official data from the Intercontinental Exchange (ICE) released by March 31, 2026?",0.71,"[0.75, 0.65, 0.75, 0.7, 0.7]",0.06282661209680575
iter2_h2_q0,2,The model underestimates the impact of global events on commodity prices,Geopolitics and Commodities,,P_and_Q,OPEC's oil production decision and crude oil price,"Will both OPEC agree to cut oil production by at least 1 million barrels per day in 2025 and the Brent crude oil price increase by at least $10 per barrel within the next 3 months, with the oil price being officially reported by the Intercontinental Exchange (ICE) by March 31, 2026?",0.35,"[0.35, 0.35, 0.35, 0.35, 0.35]",0.06282661209680575
iter2_h2_q1,2,The model underestimates the impact of global events on commodity prices,Agriculture and Commodities,,P,USDA's corn yield forecast in 2025,"Will the USDA forecast a corn yield of at least 180 bushels per acre in 2025, according to the USDA's official report released by August 31, 2025?",0.65,"[0.65, 0.65, 0.65, 0.65, 0.65]",0.20972712906730223
iter2_h2_q1,2,The model underestimates the impact of global events on commodity prices,Agriculture and Commodities,,Q_given_P,Corn price given USDA's yield forecast,"Given that the USDA forecasts a corn yield of at least 180 bushels per acre in 2025, will the corn price decrease by at least $0.50 per bushel within the next 6 months, according to the official data from the Chicago Mercantile Exchange (CME) released by February 28, 2026?",0.65,"[0.65, 0.65, 0.65, 0.65, 0.65]",0.20972712906730223
iter2_h2_q1,2,The model underestimates the impact of global events on commodity prices,Agriculture and Commodities,,P_and_Q,USDA's corn yield forecast and corn price,"Will both the USDA forecast a corn yield of at least 180 bushels per acre in 2025 and the corn price decrease by at least $0.50 per bushel within the next 6 months, with the corn price being officially reported by the Chicago Mercantile Exchange (CME) by February 28, 2026?",0.29,"[0.35, 0.35, 0.25, 0.25, 0.25]",0.20972712906730223
iter2_h3_q0,2,The model overestimates the impact of individual company performance on the overall industry,Technology and Finance,,P,Tesla's electric vehicle sales in 2025,"Will Tesla sell more than 500,000 electric vehicles in 2025, according to Tesla's official report released by January 15, 2026?",0.966,"[0.99, 0.99, 0.95, 0.95, 0.95]",0.14486501172852434
iter2_h3_q0,2,The model overestimates the impact of individual company performance on the overall industry,Technology and Finance,,Q_given_P,Electric vehicle industry growth given Tesla's sales,"Given that Tesla sells more than 500,000 electric vehicles in 2025, will the global electric vehicle market grow by at least 20% in 2026, according to the official data from the International Energy Agency (IEA) released by June 30, 2027?",0.75,"[0.75, 0.75, 0.75, 0.75, 0.75]",0.14486501172852434
iter2_h3_q0,2,The model overestimates the impact of individual company performance on the overall industry,Technology and Finance,,P_and_Q,Tesla's electric vehicle sales and electric vehicle industry growth,"Will both Tesla sell more than 500,000 electric vehicles in 2025 and the global electric vehicle market grow by at least 20% in 2026, with the market growth being officially reported by the International Energy Agency (IEA) by June 30, 2027?",0.8099999999999999,"[0.85, 0.85, 0.85, 0.75, 0.75]",0.14486501172852434
iter2_h3_q1,2,The model overestimates the impact of individual company performance on the overall industry,Healthcare and Pharmaceuticals,,P,Pfizer's vaccine sales in 2025,"Will Pfizer generate more than $10 billion in vaccine sales in 2025, according to Pfizer's official report released by February 28, 2026?",0.6,"[0.65, 0.65, 0.65, 0.4, 0.65]",0.02750699118747511
iter2_h3_q1,2,The model overestimates the impact of individual company performance on the overall industry,Healthcare and Pharmaceuticals,,Q_given_P,Vaccine industry growth given Pfizer's sales,"Given that Pfizer generates more than $10 billion in vaccine sales in 2025, will the global vaccine market grow by at least 15% in 2026, according to the official data from the World Health Organization (WHO) released by July 31, 2027?",0.68,"[0.65, 0.65, 0.7, 0.7, 0.7]",0.02750699118747511
iter2_h3_q1,2,The model overestimates the impact of individual company performance on the overall industry,Healthcare and Pharmaceuticals,,P_and_Q,Pfizer's vaccine sales and vaccine industry growth,"Will both Pfizer generate more than $10 billion in vaccine sales in 2025 and the global vaccine market grow by at least 15% in 2026, with the market growth being officially reported by the World Health Organization (WHO) by July 31, 2027?",0.39,"[0.35, 0.35, 0.45, 0.35, 0.45]",0.02750699118747511
iter2_h4_q0,2,The model underestimates the impact of government regulations on company performance,Finance and Regulation,,P,US government's financial regulation changes in 2025,"Will the US government implement stricter financial regulations in 2025, according to the official statement from the US Treasury Department released by December 31, 2025?",0.6,"[0.65, 0.55, 0.6, 0.65, 0.55]",0.08153080711011301
iter2_h4_q0,2,The model underestimates the impact of government regulations on company performance,Finance and Regulation,,Q_given_P,JPMorgan Chase's stock price given financial regulation changes,"Given that the US government implements stricter financial regulations in 2025, will JPMorgan Chase's stock price decrease by at least 10% within the next 6 months, according to the official data from the New York Stock Exchange (NYSE) released by June 30, 2026?",0.36999999999999994,"[0.35, 0.35, 0.35, 0.45, 0.35]",0.08153080711011301
iter2_h4_q0,2,The model underestimates the impact of government regulations on company performance,Finance and Regulation,,P_and_Q,US government's financial regulation changes and JPMorgan Chase's stock price,"Will both the US government implement stricter financial regulations in 2025 and JPMorgan Chase's stock price decrease by at least 10% within the next 6 months, with the stock price being officially reported by the New York Stock Exchange (NYSE) by June 30, 2026?",0.18,"[0.2, 0.25, 0.15, 0.15, 0.15]",0.08153080711011301
iter2_h4_q1,2,The model underestimates the impact of government regulations on company performance,Technology and Regulation,,P,EU's artificial intelligence regulation changes in 2025,"Will the EU implement stricter artificial intelligence regulations in 2025, according to the official statement from the European Commission released by September 30, 2025?",0.71,"[0.7, 0.7, 0.7, 0.7, 0.75]",0.09541546482596847
iter2_h4_q1,2,The model underestimates the impact of government regulations on company performance,Technology and Regulation,,Q_given_P,Google's stock price given artificial intelligence regulation changes,"Given that the EU implements stricter artificial intelligence regulations in 2025, will Google's stock price decrease by at least 12% within the next 9 months, according to the official data from the NASDAQ stock exchange released by June 30, 2026?",0.32999999999999996,"[0.3, 0.35, 0.35, 0.3, 0.35]",0.09541546482596847
iter2_h4_q1,2,The model underestimates the impact of government regulations on company performance,Technology and Regulation,,P_and_Q,EU's artificial intelligence regulation changes and Google's stock price,"Will both the EU implement stricter artificial intelligence regulations in 2025 and Google's stock price decrease by at least 12% within the next 9 months, with the stock price being officially reported by the NASDAQ stock exchange by June 30, 2026?",0.29000000000000004,"[0.35, 0.25, 0.25, 0.25, 0.35]",0.09541546482596847
iter3_h0_q0,3,The model assumes a strong correlation between a company's investment in renewable energy and its overall stock performance,Energy and Finance,,P,Tesla's investment in renewable energy,"Will Tesla increase its investment in renewable energy by at least 20% in 2025, with the investment being officially announced by Tesla's CEO by December 31, 2025, and the announcement being reported by Bloomberg?",0.72,"[0.7, 0.75, 0.75, 0.75, 0.65]",0.24500163232274497
iter3_h0_q0,3,The model assumes a strong correlation between a company's investment in renewable energy and its overall stock performance,Energy and Finance,,Q_given_P,Tesla's stock performance given increased investment in renewable energy,"Given that Tesla increases its investment in renewable energy by at least 20% in 2025, will Tesla's stock price increase by at least 15% by the end of 2026, with the stock price being officially reported by the NASDAQ by January 15, 2027?",0.65,"[0.65, 0.65, 0.65, 0.65, 0.65]",0.24500163232274497
iter3_h0_q0,3,The model assumes a strong correlation between a company's investment in renewable energy and its overall stock performance,Energy and Finance,,P_and_Q,Tesla's investment in renewable energy and stock performance,"Will both Tesla increase its investment in renewable energy by at least 20% in 2025 and its stock price increase by at least 15% by the end of 2026, with the investment and stock price being officially reported by Bloomberg and the NASDAQ by January 15, 2027?",0.63,"[0.65, 0.65, 0.65, 0.55, 0.65]",0.24500163232274497
iter3_h0_q1,3,The model assumes a strong correlation between a company's investment in renewable energy and its overall stock performance,Energy and Finance,,P,Vestas' investment in wind energy,"Will Vestas increase its investment in wind energy by at least 15% in 2025, with the investment being officially announced by Vestas' CEO by November 30, 2025, and the announcement being reported by Reuters?",0.69,"[0.65, 0.75, 0.65, 0.75, 0.65]",0.21293597356592814
iter3_h0_q1,3,The model assumes a strong correlation between a company's investment in renewable energy and its overall stock performance,Energy and Finance,,Q_given_P,Vestas' stock performance given increased investment in wind energy,"Given that Vestas increases its investment in wind energy by at least 15% in 2025, will Vestas' stock price increase by at least 10% by the end of 2026, with the stock price being officially reported by the Copenhagen Stock Exchange by January 15, 2027?",0.65,"[0.65, 0.65, 0.65, 0.65, 0.65]",0.21293597356592814
iter3_h0_q1,3,The model assumes a strong correlation between a company's investment in renewable energy and its overall stock performance,Energy and Finance,,P_and_Q,Vestas' investment in wind energy and stock performance,"Will both Vestas increase its investment in wind energy by at least 15% in 2025 and its stock price increase by at least 10% by the end of 2026, with the investment and stock price being officially reported by Reuters and the Copenhagen Stock Exchange by January 15, 2027?",0.5900000000000001,"[0.55, 0.65, 0.55, 0.65, 0.55]",0.21293597356592814
iter3_h1_q0,3,The model overestimates the impact of government subsidies on the adoption of electric vehicles,Transportation and Government Policy,,P,US government subsidies for electric vehicles,"Will the US government increase subsidies for electric vehicles by at least 25% in 2025, with the subsidies being officially announced by the US Department of Energy by October 31, 2025, and the announcement being reported by The New York Times?",0.6,"[0.65, 0.6, 0.55, 0.65, 0.55]",0.2097746133708939
iter3_h1_q0,3,The model overestimates the impact of government subsidies on the adoption of electric vehicles,Transportation and Government Policy,,Q_given_P,Electric vehicle adoption given increased government subsidies,"Given that the US government increases subsidies for electric vehicles by at least 25% in 2025, will the number of electric vehicles sold in the US increase by at least 30% by the end of 2026, with the sales data being officially reported by the US Department of Transportation by January 15, 2027?",0.75,"[0.75, 0.75, 0.75, 0.75, 0.75]",0.2097746133708939
iter3_h1_q0,3,The model overestimates the impact of government subsidies on the adoption of electric vehicles,Transportation and Government Policy,,P_and_Q,US government subsidies and electric vehicle adoption,"Will both the US government increase subsidies for electric vehicles by at least 25% in 2025 and the number of electric vehicles sold in the US increase by at least 30% by the end of 2026, with the subsidies and sales data being officially reported by The New York Times and the US Department of Transportation by January 15, 2027?",0.5900000000000001,"[0.65, 0.55, 0.65, 0.45, 0.65]",0.2097746133708939
iter3_h1_q1,3,The model overestimates the impact of government subsidies on the adoption of electric vehicles,Transportation and Government Policy,,P,Chinese government subsidies for electric vehicles,"Will the Chinese government increase subsidies for electric vehicles by at least 20% in 2025, with the subsidies being officially announced by the Chinese Ministry of Industry and Information Technology by September 30, 2025, and the announcement being reported by Xinhua?",0.35,"[0.35, 0.35, 0.35, 0.35, 0.35]",0.4267162737614896
iter3_h1_q1,3,The model overestimates the impact of government subsidies on the adoption of electric vehicles,Transportation and Government Policy,,Q_given_P,Electric vehicle adoption given increased government subsidies in China,"Given that the Chinese government increases subsidies for electric vehicles by at least 20% in 2025, will the number of electric vehicles sold in China increase by at least 25% by the end of 2026, with the sales data being officially reported by the Chinese Ministry of Industry and Information Technology by January 15, 2027?",0.79,"[0.8, 0.85, 0.8, 0.75, 0.75]",0.4267162737614896
iter3_h1_q1,3,The model overestimates the impact of government subsidies on the adoption of electric vehicles,Transportation and Government Policy,,P_and_Q,Chinese government subsidies and electric vehicle adoption,"Will both the Chinese government increase subsidies for electric vehicles by at least 20% in 2025 and the number of electric vehicles sold in China increase by at least 25% by the end of 2026, with the subsidies and sales data being officially reported by Xinhua and the Chinese Ministry of Industry and Information Technology by January 15, 2027?",0.55,"[0.55, 0.55, 0.55, 0.55, 0.55]",0.4267162737614896
iter3_h2_q0,3,The model assumes a strong correlation between a country's economic growth and its investment in artificial intelligence,Economics and Technology,,P,China's investment in artificial intelligence,"Will China increase its investment in artificial intelligence by at least 30% in 2025, with the investment being officially announced by the Chinese Ministry of Science and Technology by December 31, 2025, and the announcement being reported by China Daily?",0.75,"[0.75, 0.75, 0.75, 0.75, 0.75]",0.488010713451079
iter3_h2_q0,3,The model assumes a strong correlation between a country's economic growth and its investment in artificial intelligence,Economics and Technology,,Q_given_P,China's economic growth given increased investment in artificial intelligence,"Given that China increases its investment in artificial intelligence by at least 30% in 2025, will China's GDP growth rate increase by at least 2% by the end of 2026, with the GDP growth rate being officially reported by the National Bureau of Statistics of China by January 15, 2027?",0.35,"[0.35, 0.35, 0.35, 0.35, 0.35]",0.488010713451079
iter3_h2_q0,3,The model assumes a strong correlation between a country's economic growth and its investment in artificial intelligence,Economics and Technology,,P_and_Q,China's investment in artificial intelligence and economic growth,"Will both China increase its investment in artificial intelligence by at least 30% in 2025 and its GDP growth rate increase by at least 2% by the end of 2026, with the investment and GDP growth rate being officially reported by China Daily and the National Bureau of Statistics of China by January 15, 2027?",0.57,"[0.55, 0.55, 0.65, 0.55, 0.55]",0.488010713451079
iter3_h2_q1,3,The model assumes a strong correlation between a country's economic growth and its investment in artificial intelligence,Economics and Technology,,P,India's investment in artificial intelligence,"Will India increase its investment in artificial intelligence by at least 25% in 2025, with the investment being officially announced by the Indian Ministry of Electronics and Information Technology by November 30, 2025, and the announcement being reported by The Hindu?",0.7,"[0.7, 0.7, 0.7, 0.7, 0.7]",0.2875317430768517
iter3_h2_q1,3,The model assumes a strong correlation between a country's economic growth and its investment in artificial intelligence,Economics and Technology,,Q_given_P,India's economic growth given increased investment in artificial intelligence,"Given that India increases its investment in artificial intelligence by at least 25% in 2025, will India's GDP growth rate increase by at least 1.5% by the end of 2026, with the GDP growth rate being officially reported by the Reserve Bank of India by January 15, 2027?",0.49000000000000005,"[0.65, 0.65, 0.45, 0.35, 0.35]",0.2875317430768517
iter3_h2_q1,3,The model assumes a strong correlation between a country's economic growth and its investment in artificial intelligence,Economics and Technology,,P_and_Q,India's investment in artificial intelligence and economic growth,"Will both India increase its investment in artificial intelligence by at least 25% in 2025 and its GDP growth rate increase by at least 1.5% by the end of 2026, with the investment and GDP growth rate being officially reported by The Hindu and the Reserve Bank of India by January 15, 2027?",0.53,"[0.55, 0.55, 0.45, 0.55, 0.55]",0.2875317430768517
iter3_h3_q0,3,The model overestimates the impact of social media on consumer behavior,Marketing and Social Media,,P,Facebook's influence on consumer behavior,"Will Facebook's user base increase by at least 10% in 2025, with the user base being officially reported by Facebook by December 31, 2025, and the report being published by AdAge?",0.32,"[0.3, 0.35, 0.35, 0.25, 0.35]",0.30583613869844556
iter3_h3_q0,3,The model overestimates the impact of social media on consumer behavior,Marketing and Social Media,,Q_given_P,Consumer behavior given Facebook's increased user base,"Given that Facebook's user base increases by at least 10% in 2025, will the number of consumers making purchases based on social media recommendations increase by at least 20% by the end of 2026, with the sales data being officially reported by the US Census Bureau by January 15, 2027?",0.65,"[0.65, 0.65, 0.65, 0.65, 0.65]",0.30583613869844556
iter3_h3_q0,3,The model overestimates the impact of social media on consumer behavior,Marketing and Social Media,,P_and_Q,Facebook's influence and consumer behavior,"Will both Facebook's user base increase by at least 10% in 2025 and the number of consumers making purchases based on social media recommendations increase by at least 20% by the end of 2026, with the user base and sales data being officially reported by AdAge and the US Census Bureau by January 15, 2027?",0.38999999999999996,"[0.35, 0.45, 0.35, 0.45, 0.35]",0.30583613869844556
iter3_h3_q1,3,The model overestimates the impact of social media on consumer behavior,Marketing and Social Media,,P,Instagram's influence on consumer behavior,"Will Instagram's user base increase by at least 15% in 2025, with the user base being officially reported by Instagram by November 30, 2025, and the report being published by Forbes?",0.36000000000000004,"[0.4, 0.35, 0.35, 0.35, 0.35]",0.3701019776057637
iter3_h3_q1,3,The model overestimates the impact of social media on consumer behavior,Marketing and Social Media,,Q_given_P,Consumer behavior given Instagram's increased user base,"Given that Instagram's user base increases by at least 15% in 2025, will the number of consumers making purchases based on social media recommendations increase by at least 25% by the end of 2026, with the sales data being officially reported by the US Census Bureau by January 15, 2027?",0.6699999999999999,"[0.65, 0.7, 0.7, 0.65, 0.65]",0.3701019776057637
iter3_h3_q1,3,The model overestimates the impact of social media on consumer behavior,Marketing and Social Media,,P_and_Q,Instagram's influence and consumer behavior,"Will both Instagram's user base increase by at least 15% in 2025 and the number of consumers making purchases based on social media recommendations increase by at least 25% by the end of 2026, with the user base and sales data being officially reported by Forbes and the US Census Bureau by January 15, 2027?",0.47000000000000003,"[0.45, 0.55, 0.45, 0.45, 0.45]",0.3701019776057637
iter3_h4_q0,3,The model assumes a strong correlation between a company's research and development expenses and its innovation output,Business and Technology,,P,Amazon's research and development expenses,"Will Amazon increase its research and development expenses by at least 20% in 2025, with the expenses being officially reported by Amazon by December 31, 2025, and the report being published by CNBC?",0.65,"[0.65, 0.65, 0.65, 0.65, 0.65]",0.1215516962898112
iter3_h4_q0,3,The model assumes a strong correlation between a company's research and development expenses and its innovation output,Business and Technology,,Q_given_P,Amazon's innovation output given increased research and development expenses,"Given that Amazon increases its research and development expenses by at least 20% in 2025, will Amazon file at least 50% more patents than in 2024 by the end of 2026, with the patent data being officially reported by the US Patent and Trademark Office by January 15, 2027?",0.66,"[0.65, 0.65, 0.65, 0.7, 0.65]",0.1215516962898112
iter3_h4_q0,3,The model assumes a strong correlation between a company's research and development expenses and its innovation output,Business and Technology,,P_and_Q,Amazon's research and development expenses and innovation output,"Will both Amazon increase its research and development expenses by at least 20% in 2025 and file at least 50% more patents than in 2024, with the expenses and patent data being officially reported by CNBC and the US Patent and Trademark Office by January 15, 2027?",0.35,"[0.35, 0.35, 0.35, 0.35, 0.35]",0.1215516962898112
iter3_h4_q1,3,The model assumes a strong correlation between a company's research and development expenses and its innovation output,Business and Technology,,P,Microsoft's research and development expenses,"Will Microsoft increase its research and development expenses by at least 25% in 2025, with the expenses being officially reported by Microsoft by November 30, 2025, and the report being published by Bloomberg?",0.31,"[0.3, 0.3, 0.3, 0.35, 0.3]",0.6893179968492904
iter3_h4_q1,3,The model assumes a strong correlation between a company's research and development expenses and its innovation output,Business and Technology,,Q_given_P,Microsoft's innovation output given increased research and development expenses,"Given that Microsoft increases its research and development expenses by at least 25% in 2025, will Microsoft release at least 3 new major products or services by the end of 2026, with the product releases being officially reported by Microsoft by January 15, 2027?",0.75,"[0.75, 0.75, 0.75, 0.75, 0.75]",0.6893179968492904
iter3_h4_q1,3,The model assumes a strong correlation between a company's research and development expenses and its innovation output,Business and Technology,,P_and_Q,Microsoft's research and development expenses and innovation output,"Will both Microsoft increase its research and development expenses by at least 25% in 2025 and release at least 3 new major products or services, with the expenses and product releases being officially reported by Bloomberg and Microsoft by January 15, 2027?",0.65,"[0.65, 0.65, 0.65, 0.65, 0.65]",0.6893179968492904
iter4_h0_q0,4,The model overestimates the impact of tech giant investments in renewable energy on their overall stock performance,AI and Computing,,P,Microsoft's investment in renewable energy,"Will Microsoft increase its investment in renewable energy by at least 20% in 2025, with the investment being officially reported by Microsoft by November 30, 2025, and the report being published by Bloomberg?",0.75,"[0.75, 0.75, 0.75, 0.75, 0.75]",0.21451321480731522
iter4_h0_q0,4,The model overestimates the impact of tech giant investments in renewable energy on their overall stock performance,AI and Computing,,Q_given_P,Microsoft's stock performance given increased investment in renewable energy,"Given that Microsoft increases its investment in renewable energy by at least 20% in 2025, will Microsoft's stock price increase by at least 15% by the end of 2026, with the stock price being officially reported by Yahoo Finance by January 15, 2027?",0.65,"[0.65, 0.65, 0.65, 0.65, 0.65]",0.21451321480731522
iter4_h0_q0,4,The model overestimates the impact of tech giant investments in renewable energy on their overall stock performance,AI and Computing,,P_and_Q,Microsoft's investment in renewable energy and stock performance,"Will both Microsoft increase its investment in renewable energy by at least 20% in 2025 and its stock price increase by at least 15% by the end of 2026, with the investment and stock price being officially reported by Bloomberg and Yahoo Finance by January 15, 2027?",0.63,"[0.55, 0.65, 0.65, 0.65, 0.65]",0.21451321480731522
iter4_h0_q1,4,The model overestimates the impact of tech giant investments in renewable energy on their overall stock performance,Geopolitics,,P,China's investment in renewable energy,"Will China increase its investment in renewable energy by at least 25% in 2025, with the investment being officially reported by the Chinese Ministry of Science and Technology by December 31, 2025, and the report being published by China Daily?",0.71,"[0.7, 0.7, 0.75, 0.65, 0.75]",0.35468135972877973
iter4_h0_q1,4,The model overestimates the impact of tech giant investments in renewable energy on their overall stock performance,Geopolitics,,Q_given_P,China's economic growth given increased investment in renewable energy,"Given that China increases its investment in renewable energy by at least 25% in 2025, will China's GDP growth rate increase by at least 2.5% by the end of 2026, with the GDP growth rate being officially reported by the National Bureau of Statistics of China by January 15, 2027?",0.35,"[0.35, 0.35, 0.35, 0.35, 0.35]",0.35468135972877973
iter4_h0_q1,4,The model overestimates the impact of tech giant investments in renewable energy on their overall stock performance,Geopolitics,,P_and_Q,China's investment in renewable energy and economic growth,"Will both China increase its investment in renewable energy by at least 25% in 2025 and its GDP growth rate increase by at least 2.5% by the end of 2026, with the investment and GDP growth rate being officially reported by China Daily and the National Bureau of Statistics of China by January 15, 2027?",0.47000000000000003,"[0.45, 0.65, 0.35, 0.45, 0.45]",0.35468135972877973
iter4_h1_q0,4,The model assumes a strong correlation between a company's social media presence and its customer engagement,Marketing and Advertising,,P,Coca-Cola's social media presence,"Will Coca-Cola increase its social media followers by at least 15% in 2025, with the followers being officially reported by Coca-Cola by October 31, 2025, and the report being published by AdAge?",0.63,"[0.55, 0.65, 0.65, 0.65, 0.65]",0.30201548375953297
iter4_h1_q0,4,The model assumes a strong correlation between a company's social media presence and its customer engagement,Marketing and Advertising,,Q_given_P,Coca-Cola's customer engagement given increased social media presence,"Given that Coca-Cola increases its social media followers by at least 15% in 2025, will Coca-Cola's customer engagement metrics (such as likes, shares, and comments) increase by at least 20% by the end of 2026, with the metrics being officially reported by Coca-Cola by January 15, 2027?",0.75,"[0.75, 0.75, 0.75, 0.75, 0.75]",0.30201548375953297
iter4_h1_q0,4,The model assumes a strong correlation between a company's social media presence and its customer engagement,Marketing and Advertising,,P_and_Q,Coca-Cola's social media presence and customer engagement,"Will both Coca-Cola increase its social media followers by at least 15% in 2025 and its customer engagement metrics increase by at least 20% by the end of 2026, with the followers and metrics being officially reported by AdAge and Coca-Cola by January 15, 2027?",0.6699999999999999,"[0.65, 0.7, 0.65, 0.65, 0.7]",0.30201548375953297
iter4_h1_q1,4,The model assumes a strong correlation between a company's social media presence and its customer engagement,E-commerce,,P,Amazon's social media presence,"Will Amazon increase its social media followers by at least 10% in 2025, with the followers being officially reported by Amazon by September 30, 2025, and the report being published by Forbes?",0.7,"[0.7, 0.75, 0.65, 0.65, 0.75]",0.3776368054374406
iter4_h1_q1,4,The model assumes a strong correlation between a company's social media presence and its customer engagement,E-commerce,,Q_given_P,Amazon's sales given increased social media presence,"Given that Amazon increases its social media followers by at least 10% in 2025, will Amazon's sales increase by at least 12% by the end of 2026, with the sales being officially reported by Amazon by January 15, 2027?",0.7,"[0.7, 0.65, 0.7, 0.75, 0.7]",0.3776368054374406
iter4_h1_q1,4,The model assumes a strong correlation between a company's social media presence and its customer engagement,E-commerce,,P_and_Q,Amazon's social media presence and sales,"Will both Amazon increase its social media followers by at least 10% in 2025 and its sales increase by at least 12% by the end of 2026, with the followers and sales being officially reported by Forbes and Amazon by January 15, 2027?",0.73,"[0.75, 0.75, 0.75, 0.65, 0.75]",0.3776368054374406
iter4_h2_q0,4,The model overestimates the impact of government regulations on company performance,Finance and Banking,,P,JPMorgan Chase's compliance with government regulations,"Will JPMorgan Chase be fully compliant with all government regulations by the end of 2025, with the compliance being officially reported by JPMorgan Chase by December 31, 2025, and the report being published by The Wall Street Journal?",0.43999999999999995,"[0.3, 0.3, 0.65, 0.65, 0.3]",0.22933890926233505
iter4_h2_q0,4,The model overestimates the impact of government regulations on company performance,Finance and Banking,,Q_given_P,JPMorgan Chase's stock performance given compliance with government regulations,"Given that JPMorgan Chase is fully compliant with all government regulations by the end of 2025, will JPMorgan Chase's stock price increase by at least 10% by the end of 2026, with the stock price being officially reported by Yahoo Finance by January 15, 2027?",0.65,"[0.65, 0.65, 0.65, 0.65, 0.65]",0.22933890926233505
iter4_h2_q0,4,The model overestimates the impact of government regulations on company performance,Finance and Banking,,P_and_Q,JPMorgan Chase's compliance and stock performance,"Will both JPMorgan Chase be fully compliant with all government regulations by the end of 2025 and its stock price increase by at least 10% by the end of 2026, with the compliance and stock price being officially reported by The Wall Street Journal and Yahoo Finance by January 15, 2027?",0.43,"[0.45, 0.45, 0.35, 0.45, 0.45]",0.22933890926233505
iter4_h2_q1,4,The model overestimates the impact of government regulations on company performance,Healthcare,,P,Pfizer's compliance with government regulations,"Will Pfizer be fully compliant with all government regulations by the end of 2025, with the compliance being officially reported by Pfizer by November 30, 2025, and the report being published by CNBC?",0.76,"[0.85, 0.75, 0.75, 0.7, 0.75]",0.1895885708498645
iter4_h2_q1,4,The model overestimates the impact of government regulations on company performance,Healthcare,,Q_given_P,Pfizer's sales given compliance with government regulations,"Given that Pfizer is fully compliant with all government regulations by the end of 2025, will Pfizer's sales increase by at least 8% by the end of 2026, with the sales being officially reported by Pfizer by January 15, 2027?",0.6900000000000001,"[0.7, 0.7, 0.65, 0.7, 0.7]",0.1895885708498645
iter4_h2_q1,4,The model overestimates the impact of government regulations on company performance,Healthcare,,P_and_Q,Pfizer's compliance and sales,"Will both Pfizer be fully compliant with all government regulations by the end of 2025 and its sales increase by at least 8% by the end of 2026, with the compliance and sales being officially reported by CNBC and Pfizer by January 15, 2027?",0.65,"[0.65, 0.65, 0.65, 0.65, 0.65]",0.1895885708498645
iter4_h3_q0,4,The model assumes a strong correlation between a country's investment in space exploration and its technological advancements,Space Exploration,,P,NASA's investment in space exploration,"Will NASA increase its investment in space exploration by at least 15% in 2025, with the investment being officially reported by NASA by October 31, 2025, and the report being published by SpaceNews?",0.4600000000000001,"[0.35, 0.35, 0.65, 0.35, 0.6]",0.30050322326670476
iter4_h3_q0,4,The model assumes a strong correlation between a country's investment in space exploration and its technological advancements,Space Exploration,,Q_given_P,US technological advancements given NASA's investment in space exploration,"Given that NASA increases its investment in space exploration by at least 15% in 2025, will the US see a significant increase in technological advancements (such as new patents and innovations) by the end of 2026, with the advancements being officially reported by the US Patent and Trademark Office by January 15, 2027?",0.65,"[0.65, 0.65, 0.65, 0.65, 0.65]",0.30050322326670476
iter4_h3_q0,4,The model assumes a strong correlation between a country's investment in space exploration and its technological advancements,Space Exploration,,P_and_Q,NASA's investment in space exploration and US technological advancements,"Will both NASA increase its investment in space exploration by at least 15% in 2025 and the US see a significant increase in technological advancements by the end of 2026, with the investment and advancements being officially reported by SpaceNews and the US Patent and Trademark Office by January 15, 2027?",0.49000000000000005,"[0.45, 0.55, 0.45, 0.65, 0.35]",0.30050322326670476
iter4_h3_q1,4,The model assumes a strong correlation between a country's investment in space exploration and its technological advancements,International Relations,,P,China's investment in space exploration,"Will China increase its investment in space exploration by at least 20% in 2025, with the investment being officially reported by the Chinese National Space Administration by December 31, 2025, and the report being published by Xinhua?",0.67,"[0.65, 0.7, 0.65, 0.7, 0.65]",0.2875324138946177
iter4_h3_q1,4,The model assumes a strong correlation between a country's investment in space exploration and its technological advancements,International Relations,,Q_given_P,China's global influence given investment in space exploration,"Given that China increases its investment in space exploration by at least 20% in 2025, will China's global influence (such as its diplomatic relationships and international partnerships) increase by at least 12% by the end of 2026, with the influence being officially reported by the Chinese Ministry of Foreign Affairs by January 15, 2027?",0.5700000000000001,"[0.65, 0.45, 0.65, 0.65, 0.45]",0.2875324138946177
iter4_h3_q1,4,The model assumes a strong correlation between a country's investment in space exploration and its technological advancements,International Relations,,P_and_Q,China's investment in space exploration and global influence,"Will both China increase its investment in space exploration by at least 20% in 2025 and its global influence increase by at least 12% by the end of 2026, with the investment and influence being officially reported by Xinhua and the Chinese Ministry of Foreign Affairs by January 15, 2027?",0.5700000000000001,"[0.45, 0.65, 0.45, 0.65, 0.65]",0.2875324138946177
iter4_h4_q0,4,The model overestimates the impact of celebrity endorsements on product sales,Marketing and Advertising,,P,Cristiano Ronaldo's endorsement of Nike products,"Will Cristiano Ronaldo continue to endorse Nike products in 2025, with the endorsement being officially reported by Nike by September 30, 2025, and the report being published by ESPN?",0.75,"[0.75, 0.75, 0.75, 0.75, 0.75]",0.12253695302311671
iter4_h4_q0,4,The model overestimates the impact of celebrity endorsements on product sales,Marketing and Advertising,,Q_given_P,Nike sales given Cristiano Ronaldo's endorsement,"Given that Cristiano Ronaldo continues to endorse Nike products in 2025, will Nike's sales increase by at least 8% by the end of 2026, with the sales being officially reported by Nike by January 15, 2027?",0.65,"[0.65, 0.65, 0.65, 0.65, 0.65]",0.12253695302311671
iter4_h4_q0,4,The model overestimates the impact of celebrity endorsements on product sales,Marketing and Advertising,,P_and_Q,Cristiano Ronaldo's endorsement and Nike sales,"Will both Cristiano Ronaldo continue to endorse Nike products in 2025 and Nike's sales increase by at least 8% by the end of 2026, with the endorsement and sales being officially reported by ESPN and Nike by January 15, 2027?",0.5700000000000001,"[0.55, 0.55, 0.55, 0.65, 0.55]",0.12253695302311671
iter4_h4_q1,4,The model overestimates the impact of celebrity endorsements on product sales,Entertainment,,P,Taylor Swift's endorsement of Apple products,"Will Taylor Swift endorse Apple products in 2025, with the endorsement being officially reported by Apple by October 31, 2025, and the report being published by Variety?",0.35,"[0.35, 0.35, 0.35, 0.35, 0.35]",0.2063308790426491
iter4_h4_q1,4,The model overestimates the impact of celebrity endorsements on product sales,Entertainment,,Q_given_P,Apple sales given Taylor Swift's endorsement,"Given that Taylor Swift endorses Apple products in 2025, will Apple's sales increase by at least 10% by the end of 2026, with the sales being officially reported by Apple by January 15, 2027?",0.65,"[0.65, 0.65, 0.65, 0.65, 0.65]",0.2063308790426491
iter4_h4_q1,4,The model overestimates the impact of celebrity endorsements on product sales,Entertainment,,P_and_Q,Taylor Swift's endorsement and Apple sales,"Will both Taylor Swift endorse Apple products in 2025 and Apple's sales increase by at least 10% by the end of 2026, with the endorsement and sales being officially reported by Variety and Apple by January 15, 2027?",0.35,"[0.35, 0.35, 0.35, 0.35, 0.35]",0.2063308790426491
